{
  "IcoMoonType": "selection",
  "icons": [
    {
      "icon": {
        "paths": [
          "M967.509 0h-911.019c-31.189 0-56.491 25.301-56.491 56.491v911.019c0 31.232 25.301 56.491 56.491 56.491h490.411v-396.544h-133.504v-154.496h133.504v-114.133c0-132.224 80.811-204.16 198.784-204.16 56.533 0 105.131 4.139 119.296 6.016v138.24h-81.963c-64 0-76.459 30.763-76.459 75.563v98.603h152.917l-19.84 154.88h-133.077v396.032h260.907c31.275 0 56.533-25.259 56.533-56.491v-911.019c0-31.189-25.259-56.491-56.491-56.491z"
        ],
        "attrs": [
          {
            "fill": "rgb(59, 89, 152)"
          }
        ],
        "isMulticolor": false,
        "isMulticolor2": false,
        "tags": [
          "facebook"
        ],
        "grid": 0,
        "colorPermutations": {
          "2097254159891521": [
            {
              "f": 0
            }
          ]
        }
      },
      "attrs": [
        {
          "fill": "rgb(59, 89, 152)"
        }
      ],
      "properties": {
        "order": 1,
        "id": 2,
        "name": "facebook",
        "prevSize": 32
      },
      "setIdx": 0,
      "setId": 1,
      "iconIdx": 0
    },
    {
      "icon": {
        "paths": [
          "M512 12.672c-282.88 0-512 229.248-512 512 0 226.261 146.688 418.133 350.080 485.76 25.6 4.821 34.987-11.008 34.987-24.619 0-12.16-0.427-44.373-0.64-87.040-142.421 30.891-172.459-68.693-172.459-68.693-23.296-59.093-56.96-74.88-56.96-74.88-46.379-31.744 3.584-31.104 3.584-31.104 51.413 3.584 78.421 52.736 78.421 52.736 45.653 78.293 119.851 55.68 149.12 42.581 4.608-33.109 17.792-55.68 32.427-68.48-113.707-12.8-233.216-56.832-233.216-253.013 0-55.893 19.84-101.547 52.693-137.387-5.76-12.928-23.040-64.981 4.48-135.509 0 0 42.88-13.739 140.8 52.48 40.96-11.392 84.48-17.024 128-17.28 43.52 0.256 87.040 5.888 128 17.28 97.28-66.219 140.16-52.48 140.16-52.48 27.52 70.528 10.24 122.581 5.12 135.509 32.64 35.84 52.48 81.493 52.48 137.387 0 196.693-119.68 240-233.6 252.587 17.92 15.36 34.56 46.763 34.56 94.72 0 68.523-0.64 123.563-0.64 140.203 0 13.44 8.96 29.44 35.2 24.32 204.843-67.157 351.403-259.157 351.403-485.077 0-282.752-229.248-512-512-512z"
        ],
        "attrs": [
          {}
        ],
        "isMulticolor": false,
        "isMulticolor2": false,
        "tags": [
          "github"
        ],
        "grid": 0
      },
      "attrs": [
        {}
      ],
      "properties": {
        "order": 1,
        "id": 1,
        "name": "github",
        "prevSize": 32
      },
      "setIdx": 0,
      "setId": 1,
      "iconIdx": 1
    },
    {
      "icon": {
        "paths": [
          "M1024 192v640c0 36.267-27.733 64-64 64h-64v-580.821l-384 275.755-384-275.755v580.821h-64c-36.309 0-64-27.733-64-64v-640c0-18.133 6.912-34.133 18.389-45.568 11.477-11.605 27.52-18.432 45.611-18.432h21.333l426.667 309.333 426.667-309.333h21.333c18.133 0 34.133 6.912 45.611 18.432 11.52 11.435 18.389 27.435 18.389 45.568z"
        ],
        "attrs": [
          {
            "fill": "rgb(209, 72, 54)"
          }
        ],
        "isMulticolor": false,
        "isMulticolor2": false,
        "tags": [
          "gmail"
        ],
        "grid": 0
      },
      "attrs": [
        {
          "fill": "rgb(209, 72, 54)"
        }
      ],
      "properties": {
        "order": 1,
        "id": 0,
        "name": "gmail",
        "prevSize": 32
      },
      "setIdx": 0,
      "setId": 1,
      "iconIdx": 2
    }
  ],
  "height": 1024,
  "preferences": {
    "showGlyphs": true,
    "showQuickUse": true,
    "showQuickUse2": true,
    "showSVGs": true,
    "fontPref": {
      "prefix": "icon-",
      "metadata": {
        "fontFamily": "icomoon",
        "majorVersion": 1,
        "minorVersion": 0
      },
      "metrics": {
        "emSize": 1024,
        "baseline": 6.25,
        "whitespace": 50
      },
      "embed": false
    },
    "imagePref": {
      "prefix": "icon-",
      "png": false,
      "useClassSelector": true,
      "color": 0,
      "bgColor": 16777215,
      "classSelector": ".icon",
      "height": 32,
      "columns": 16,
      "margin": 16
    },
    "historySize": 50,
    "showCodes": true,
    "gridSize": 16
  }
}